{
    "gpt": {
        "relevancy": {
            "low": 4.666666666666667,
            "high": 4.5555555555555545,
            "overall": 4.611111111111111
        },
        "correctness": {
            "low": 4.333333333333333,
            "high": 4.444444444444444,
            "overall": 4.388888888888888
        },
        "completeness": {
            "low": 4.111111111111111,
            "high": 4.111111111111111,
            "overall": 4.111111111111111
        },
        "informativeness": {
            "low": 4.444444444444444,
            "high": 4.111111111111112,
            "overall": 4.277777777777778
        },
        "integration": {
            "low": 4.111111111111111,
            "high": 3.9999999999999996,
            "overall": 4.055555555555555
        },
        "cohesion": {
            "low": 3.7777777777777772,
            "high": 3.6666666666666665,
            "overall": 3.722222222222222
        },
        "coherence": {
            "low": 4.0,
            "high": 3.7777777777777772,
            "overall": 3.8888888888888884
        },
        "readability": {
            "low": 4.333333333333333,
            "high": 4.111111111111111,
            "overall": 4.222222222222221
        },
        "conciseness": {
            "low": 4.4444444444444455,
            "high": 4.0,
            "overall": 4.222222222222223
        }
    },
    "mistral": {
        "relevancy": {
            "low": 4.333333333333333,
            "high": 4.444444444444444,
            "overall": 4.388888888888888
        },
        "correctness": {
            "low": 4.222222222222222,
            "high": 4.333333333333333,
            "overall": 4.277777777777778
        },
        "completeness": {
            "low": 3.8888888888888893,
            "high": 4.111111111111112,
            "overall": 4.0
        },
        "informativeness": {
            "low": 4.333333333333333,
            "high": 4.555555555555555,
            "overall": 4.444444444444445
        },
        "integration": {
            "low": 4.0,
            "high": 4.111111111111111,
            "overall": 4.055555555555555
        },
        "cohesion": {
            "low": 3.777777777777778,
            "high": 4.0,
            "overall": 3.8888888888888893
        },
        "coherence": {
            "low": 3.777777777777778,
            "high": 4.111111111111112,
            "overall": 3.9444444444444446
        },
        "readability": {
            "low": 4.111111111111112,
            "high": 4.444444444444445,
            "overall": 4.277777777777779
        },
        "conciseness": {
            "low": 3.4444444444444446,
            "high": 3.5555555555555554,
            "overall": 3.5
        }
    }
}