{
    "gpt": {
        "relevancy": {
            "low": 4.666666666666667,
            "high": 4.666666666666667,
            "overall": 4.666666666666667
        },
        "correctness": {
            "low": 4.444444444444445,
            "high": 4.555555555555555,
            "overall": 4.5
        },
        "completeness": {
            "low": 4.222222222222222,
            "high": 3.888888888888889,
            "overall": 4.055555555555555
        },
        "informativeness": {
            "low": 4.0,
            "high": 3.7777777777777772,
            "overall": 3.8888888888888884
        },
        "integration": {
            "low": 4.333333333333333,
            "high": 4.444444444444444,
            "overall": 4.388888888888888
        },
        "cohesion": {
            "low": 4.222222222222222,
            "high": 4.333333333333333,
            "overall": 4.277777777777778
        },
        "coherence": {
            "low": 4.333333333333333,
            "high": 4.222222222222221,
            "overall": 4.277777777777777
        },
        "readability": {
            "low": 4.444444444444444,
            "high": 4.333333333333333,
            "overall": 4.388888888888888
        },
        "conciseness": {
            "low": 3.777777777777778,
            "high": 3.888888888888889,
            "overall": 3.8333333333333335
        }
    },
    "mistral": {
        "relevancy": {
            "low": 4.222222222222222,
            "high": 4.555555555555555,
            "overall": 4.388888888888889
        },
        "correctness": {
            "low": 4.111111111111112,
            "high": 4.555555555555555,
            "overall": 4.333333333333334
        },
        "completeness": {
            "low": 3.3333333333333335,
            "high": 3.111111111111111,
            "overall": 3.2222222222222223
        },
        "informativeness": {
            "low": 3.111111111111111,
            "high": 3.3333333333333335,
            "overall": 3.2222222222222223
        },
        "integration": {
            "low": 3.0,
            "high": 3.888888888888889,
            "overall": 3.4444444444444446
        },
        "cohesion": {
            "low": 3.444444444444444,
            "high": 3.888888888888889,
            "overall": 3.6666666666666665
        },
        "coherence": {
            "low": 3.777777777777778,
            "high": 3.888888888888889,
            "overall": 3.8333333333333335
        },
        "readability": {
            "low": 4.333333333333333,
            "high": 4.222222222222222,
            "overall": 4.277777777777778
        },
        "conciseness": {
            "low": 3.3333333333333335,
            "high": 3.888888888888889,
            "overall": 3.611111111111111
        }
    }
}