{
    "gpt": {
        "relevancy": {
            "low": 4.555555555555556,
            "high": 4.777777777777779,
            "overall": 4.666666666666668
        },
        "correctness": {
            "low": 4.0,
            "high": 4.666666666666667,
            "overall": 4.333333333333334
        },
        "completeness": {
            "low": 3.7777777777777772,
            "high": 4.666666666666667,
            "overall": 4.222222222222222
        },
        "informativeness": {
            "low": 4.333333333333333,
            "high": 4.888888888888889,
            "overall": 4.611111111111111
        },
        "integration": {
            "low": 4.111111111111112,
            "high": 4.666666666666667,
            "overall": 4.388888888888889
        },
        "cohesion": {
            "low": 4.333333333333333,
            "high": 4.777777777777778,
            "overall": 4.555555555555555
        },
        "coherence": {
            "low": 4.333333333333333,
            "high": 4.555555555555556,
            "overall": 4.444444444444445
        },
        "readability": {
            "low": 4.333333333333334,
            "high": 4.777777777777778,
            "overall": 4.555555555555555
        },
        "conciseness": {
            "low": 4.5555555555555545,
            "high": 4.888888888888889,
            "overall": 4.722222222222221
        }
    },
    "mistral": {
        "relevancy": {
            "low": 4.111111111111112,
            "high": 4.666666666666667,
            "overall": 4.388888888888889
        },
        "correctness": {
            "low": 3.8888888888888893,
            "high": 4.555555555555556,
            "overall": 4.222222222222223
        },
        "completeness": {
            "low": 3.6666666666666665,
            "high": 4.666666666666667,
            "overall": 4.166666666666667
        },
        "informativeness": {
            "low": 3.6666666666666665,
            "high": 4.777777777777778,
            "overall": 4.222222222222222
        },
        "integration": {
            "low": 4.0,
            "high": 4.333333333333333,
            "overall": 4.166666666666666
        },
        "cohesion": {
            "low": 3.8888888888888893,
            "high": 4.333333333333333,
            "overall": 4.111111111111111
        },
        "coherence": {
            "low": 4.0,
            "high": 4.444444444444444,
            "overall": 4.222222222222221
        },
        "readability": {
            "low": 4.444444444444444,
            "high": 4.777777777777778,
            "overall": 4.611111111111111
        },
        "conciseness": {
            "low": 4.444444444444444,
            "high": 4.444444444444444,
            "overall": 4.444444444444444
        }
    }
}