{
    "gpt": {
        "relevancy": {
            "low": 3.9999999999999996,
            "high": 3.555555555555556,
            "overall": 3.7777777777777777
        },
        "correctness": {
            "low": 4.333333333333333,
            "high": 3.8888888888888893,
            "overall": 4.111111111111111
        },
        "completeness": {
            "low": 4.111111111111111,
            "high": 3.6666666666666665,
            "overall": 3.8888888888888884
        },
        "informativeness": {
            "low": 3.888888888888889,
            "high": 4.000000000000001,
            "overall": 3.9444444444444446
        },
        "integration": {
            "low": 3.6666666666666665,
            "high": 3.7777777777777772,
            "overall": 3.722222222222222
        },
        "cohesion": {
            "low": 3.6666666666666665,
            "high": 3.5555555555555554,
            "overall": 3.6111111111111107
        },
        "coherence": {
            "low": 3.6666666666666665,
            "high": 3.5555555555555554,
            "overall": 3.6111111111111107
        },
        "readability": {
            "low": 4.0,
            "high": 3.8888888888888893,
            "overall": 3.9444444444444446
        },
        "conciseness": {
            "low": 3.5555555555555554,
            "high": 4.222222222222222,
            "overall": 3.888888888888889
        }
    },
    "mistral": {
        "relevancy": {
            "low": 3.7777777777777772,
            "high": 3.5555555555555554,
            "overall": 3.666666666666666
        },
        "correctness": {
            "low": 3.3333333333333335,
            "high": 3.4444444444444446,
            "overall": 3.3888888888888893
        },
        "completeness": {
            "low": 3.7777777777777772,
            "high": 3.7777777777777772,
            "overall": 3.7777777777777772
        },
        "informativeness": {
            "low": 3.888888888888889,
            "high": 3.4444444444444446,
            "overall": 3.666666666666667
        },
        "integration": {
            "low": 3.7777777777777772,
            "high": 3.2222222222222228,
            "overall": 3.5
        },
        "cohesion": {
            "low": 3.4444444444444446,
            "high": 3.4444444444444446,
            "overall": 3.4444444444444446
        },
        "coherence": {
            "low": 3.3333333333333335,
            "high": 3.222222222222222,
            "overall": 3.2777777777777777
        },
        "readability": {
            "low": 3.777777777777778,
            "high": 3.6666666666666665,
            "overall": 3.7222222222222223
        },
        "conciseness": {
            "low": 3.5555555555555554,
            "high": 3.5555555555555554,
            "overall": 3.5555555555555554
        }
    }
}