{
    "gpt": {
        "relevancy": {
            "low": 4.222222222222222,
            "high": 4.111111111111112,
            "overall": 4.166666666666667
        },
        "correctness": {
            "low": 3.7777777777777772,
            "high": 3.888888888888889,
            "overall": 3.833333333333333
        },
        "completeness": {
            "low": 3.5555555555555554,
            "high": 3.5555555555555554,
            "overall": 3.5555555555555554
        },
        "informativeness": {
            "low": 4.111111111111111,
            "high": 4.222222222222222,
            "overall": 4.166666666666666
        },
        "integration": {
            "low": 3.222222222222222,
            "high": 3.8888888888888893,
            "overall": 3.5555555555555554
        },
        "cohesion": {
            "low": 3.4444444444444446,
            "high": 4.0,
            "overall": 3.7222222222222223
        },
        "coherence": {
            "low": 4.111111111111111,
            "high": 3.6666666666666665,
            "overall": 3.8888888888888884
        },
        "readability": {
            "low": 3.3333333333333335,
            "high": 3.2222222222222228,
            "overall": 3.277777777777778
        },
        "conciseness": {
            "low": 4.0,
            "high": 3.5555555555555554,
            "overall": 3.7777777777777777
        }
    },
    "mistral": {
        "relevancy": {
            "low": 3.9999999999999996,
            "high": 3.0,
            "overall": 3.5
        },
        "correctness": {
            "low": 3.222222222222222,
            "high": 3.111111111111111,
            "overall": 3.1666666666666665
        },
        "completeness": {
            "low": 3.0,
            "high": 1.6666666666666667,
            "overall": 2.3333333333333335
        },
        "informativeness": {
            "low": 3.444444444444444,
            "high": 2.6666666666666665,
            "overall": 3.0555555555555554
        },
        "integration": {
            "low": 3.111111111111111,
            "high": 2.5555555555555554,
            "overall": 2.833333333333333
        },
        "cohesion": {
            "low": 3.6666666666666665,
            "high": 3.111111111111111,
            "overall": 3.388888888888889
        },
        "coherence": {
            "low": 3.7777777777777772,
            "high": 3.222222222222222,
            "overall": 3.4999999999999996
        },
        "readability": {
            "low": 3.5555555555555554,
            "high": 3.555555555555556,
            "overall": 3.5555555555555554
        },
        "conciseness": {
            "low": 3.4444444444444446,
            "high": 4.0,
            "overall": 3.7222222222222223
        }
    }
}